{
    "EnableDebug": 0,
    "DeleteLogs": 0,
    "MaxSpareMags": 1,
    "RandomQuantity": 0,
    "LootChestsLocations": [
        {
            "name": "ATC at North West Airfield",
            "number": 1,
            "pos": [
				"4630.285645 339.570313 10443.143555|152.999771 0 0",
				"4634.912109 339.367767 10432.349609|107.999718 0.000000 -0.000000",
				"4620.310547 339.562805 10444.152344|-126.000259 0.000000 -0.000000",
				"4630.687500 348.776489 10440.534180|-21.699730 -0.000000 -0.000000",
				"4630.982422 353.459991 10436.015625|-36.750195 0.000000 0.000000"
            ],
            "keyclass": "CJ_Key1",
            "openable": 0,
            "chest": [
                "CJ_LootChest_Brown_Large"
            ],
            "lootrandomize": 0.0,
            "light": 0,
            "loot": [
                "LC_Table_Weapons_1",
				"LC_Table_Weapons_3",
                "LC_Table_Weapons_2",
                "NailBox",
                "NailBox",
                "NailBox",
				"WeaponCleaningKit",
                "CombatKnife",
                "Rag",
                "HandSaw",
                "Hammer"
            ]
        },
        {
            "name": "Tisy Headquarter 2nd Floor",
            "number": 1,
            "pos": [
                "1680.452637 456.617462 14221.413086|-16.999992 0 0",
                "1677.494141 456.617462 14214.438477|-106.999557 0 0",
                "1679.578125 456.617462 14218.459961|72.999779 0 0",
                "1676.767212 456.617462 14220.083008|-39.999939 0 0",
                "1684.607544 456.617462 14208.651367|69.999794 0 0",
                "1687.046753 456.617462 14210.420898|17.999992 0 0",
                "1693.652954 456.617462 14210.448242|162.999771 0 0",
                "1691.022583 456.617462 14221.329102|162.999771 0 0"
            ],
            "keyclass": "CJ_Key2",
            "openable": 1,
            "chest": [
                "CJ_LootChest_Olive_Large"
            ],
            "lootrandomize": 0.0,
            "light": 0,
            "loot": [
                "LC_Table_Weapons_2",
				"LC_Table_Weapons_2",
				"LC_Table_Weapons_2",
				"LC_Table_Weapons_3",
				"LC_Table_Weapons_3",
                "BandageDressing",
				"WeaponCleaningKit",
                "TacticalBaconCan",
                "NVGoggles"
            ]
        },
        {
            "name": "Tisy Headquarter Bunker",
            "number": 1,
            "pos": [
                "1693.641968 448.389740 14206.955078|162.999771 0 0",
                "1686.152344 448.389740 14206.158203|-15.999994 0 0",
                "1680.582642 448.389740 14206.187500|-153.999619 0 0",
                "1683.969604 448.389740 14213.902344|-105.999565 0 0",
                "1687.283569 448.389740 14211.497070|-15.999994 0 0",
                "1689.146851 448.389740 14208.608398|164.999847 0 0",
                "1690.969727 448.389740 14210.279297|-134.999619 0 0"
            ],
            "keyclass": "CJ_Key3",
            "openable": 2,
            "chest": [
                "CJ_LootChest_Tan_Large"
            ],
            "lootrandomize": 0.0,
            "light": 0,
            "loot": [
                "LC_Table_Weapons_3",
				"LC_Table_Weapons_3",
				"LC_Table_Weapons_3",
				"LC_Table_Weapons_3",
				"LC_Table_Weapons_3",
                "WeaponCleaningKit",
				"WeaponCleaningKit",
				"NVGoggles"
            ]
        },
		{
            "name": "Bandit Camp Skalka",
            "number": 1,
            "pos": [
                "5651.58 361.581 14551.3|174.247 0 0"
            ],
            "keyclass": "",
            "openable": 2,
            "chest": [
                "CJ_LootChest_Camo_Large"
            ],
            "lootrandomize": 0.0,
            "light": 0,
            "loot": [
                "LC_Table_Weapons_3",
				"LC_Table_Weapons_3",
				"LC_Table_Weapons_3",
				"LC_Table_Weapons_3",
                "WeaponCleaningKit",
				"WeaponCleaningKit",
				"NVGoggles"
            ]
        }
    ],
    "LCPredefinedWeapons": [
        {
            "defname": "LC_predefined_SVD",
            "weapon": "SVD",
            "magazine": "Mag_SVD_10Rnd",
            "attachments": [
                "AK_Suppressor"
            ],
            "optic": "PSO11Optic",
            "opticbattery": 1
        },
        {
            "defname": "LC_predefined_VSS",
            "weapon": "VSS",
            "magazine": "Mag_VSS_10Rnd",
            "attachments": [
                "AK_Suppressor"
            ],
            "optic": "KobraOptic",
            "opticbattery": 1
        },
        {
            "defname": "LC_predefined_M4",
            "weapon": "M4A1",
            "magazine": "Mag_STANAG_30Rnd",
            "attachments": [
                "M4_Suppressor",
                "M4_RISHndgrd_Black",
                "M4_MPBttstck_Black"
            ],
            "optic": "ACOGOptic_6x",
            "opticbattery": 0
        },
        {
            "defname": "LC_predefined_AKM",
            "weapon": "AKM",
            "magazine": "Mag_AKM_30Rnd",
            "attachments": [
                "AK_Suppressor",
                "AK_WoodHndgrd",
                "AK_WoodBttstck"
            ],
            "optic": "KobraOptic",
            "opticbattery": 1
        },
        {
            "defname": "LC_predefined_AK74",
            "weapon": "AK74",
            "magazine": "Mag_AK74_30Rnd",
            "attachments": [
                "AK_Suppressor",
                "AK74_Hndgrd",
                "AK74_WoodBttstck"
            ],
            "optic": "KobraOptic",
            "opticbattery": 1
        },
        {
            "defname": "LC_predefined_AK101",
            "weapon": "AK101",
            "magazine": "Mag_AK101_30Rnd",
            "attachments": [
                "AK_Suppressor",
                "AK_PlasticHndgrd",
                "AK_PlasticBttstck"
            ],
            "optic": "KobraOptic",
            "opticbattery": 1
        },
        {
            "defname": "LC_predefined_FAL",
            "weapon": "FAL",
            "magazine": "Mag_FAL_20Rnd",
            "attachments": [
                "Fal_OeBttstck"
            ],
            "optic": "ACOGOptic",
            "opticbattery": 0
        },
        {
            "defname": "LC_predefined_MP5",
            "weapon": "MP5k",
            "magazine": "Mag_MP5_30Rnd",
            "attachments": [
                "MP5_Compensator",
                "MP5k_StockBttstck",
                "MP5_RailHndgrd"
            ],
            "optic": "ReflexOptic",
            "opticbattery": 1
        },
		{
            "defname": "LC_predefined_SNAFUDVL10M2",
            "weapon": "SNAFUDVL10M2",
            "magazine": "SNAFUDVL10M2_5rdMag",
            "attachments": [
                "SNAFU_AtlasBipod",
				"SNAFUKivaari_338_Supp"
            ],
            "optic": "SNAFU_HuntingOptic",
            "opticbattery": 0
        },
		{
            "defname": "LC_predefined_Snafu_ScarH_Black_GUN",
            "weapon": "Snafu_ScarH_Black_GUN",
            "magazine": "SNAFU_ScarH_100RND_Mag_Black",
            "attachments": [
                "Snafu_ScarH_SIL_Black",
				"SNAFU_AFG_02_Black"
            ],
            "optic": "ACOGOptic_6x",
            "opticbattery": 0
        },
		{
            "defname": "LC_predefined_IA2_Gun",
            "weapon": "IA2_Gun",
            "magazine": "GCGN_HK416_Mag",
            "attachments": [
                "SNAFU_LStandardized_Suppressor_Black",
				"SNAFU_AFG_02_Black"
            ],
            "optic": "ACOGOptic_6x",
            "opticbattery": 0
        },
		{
            "defname": "LC_predefined_GCGN_HK416",
            "weapon": "GCGN_HK416",
            "magazine": "GCGN_HK416_Mag",
            "attachments": [
                "SNAFU_LStandardized_Suppressor_Black",
				"SNAFU_AFG_02_Black"
            ],
            "optic": "ACOGOptic_6x",