{
  "m_Version": 6,
  "AccuracyMin": 0.7000000238418579,
  "AccuracyMax": 0.950000011920929,
  "ThreatDistanceLimit": 1000.0,
  "DamageMultiplier": 0.5,
  "Admins": ["76561197994627410","76561197963184611"],
  "MaximumDynamicPatrols": -1,
  "Vaulting": 1,
  "SniperProneDistanceThreshold": 0.0,
  "Manners": 1,
  "CanRecruitGuards": 0,
  "PlayerFactions": []
}