{
    "m_Version": 13,
    "Enabled": 1,
    "DespawnTime": 600.0,
    "RespawnTime": -1.0,
    "MinDistRadius": 500.0,
    "MaxDistRadius": 1000.0,
    "DespawnRadius": 1100.0,
    "AccuracyMin": -1.0,
    "AccuracyMax": -1.0,
    "ThreatDistanceLimit": -1.0,
    "DamageMultiplier": -1.0,
    "ObjectPatrols": [],
    "Patrols": [
        {
            "Faction": "Mercenaries",
            "Formation": "RANDOM",
            "FormationLooseness": 0.2,
            "LoadoutFile": "MMGSNAFULoadout",
            "NumberOfAI": 3,
            "Behaviour": "ALTERNATE",
            "Speed": "WALK",
            "UnderThreatSpeed": "HALT",
            "CanBeLooted": 1,
            "UnlimitedReload": 1,
            "AccuracyMin": -1.0,
            "AccuracyMax": -1.0,
            "ThreatDistanceLimit": 100.0,
            "DamageMultiplier": -1.0,
            "MinDistRadius": -2.0,
            "MaxDistRadius": -2.0,
            "DespawnRadius": -2.200000047683716,
            "MinSpreadRadius": 0.0,
            "MaxSpreadRadius": 0.0,
            "Chance": 1.0,
            "WaypointInterpolation": "",
            "DespawnTime": -1.0,
            "RespawnTime": -2.0,
            "Name": "Bandits Skala",
            "UseRandomWaypointAsStartPoint": 1,
            "Waypoints": [
				[5642.562988, 360.522278, 14534.000977],
				[5653.100586, 360.780914, 14531.120117],
				[5658.426270, 360.208984, 14526.330078],
				[5663.557617, 359.297729, 14523.185547],
				[5669.013672, 359.994080, 14525.429688],
				[5671.931152, 361.240509, 14531.246094],
				[5671.931152, 361.240509, 14531.246094],
				[5679.231445, 362.047180, 14536.514648],
				[5680.473633, 362.368958, 14549.529297],
				[5677.896973, 364.776001, 14563.507813],
				[5667.444824, 364.814545, 14565.449219],
				[5652.602539, 363.925079, 14565.766602],
				[5659.177246, 368.616669, 14580.627930],
				[5673.226074, 367.388519, 14574.198242],
				[5679.123047, 362.948273, 14553.987305],
				[5693.277344, 362.226654, 14538.143555],
				[5675.701660, 361.836578, 14535.470703],
				[5662.086914, 361.306885, 14536.160156],
				[5650.320313, 360.984222, 14535.830078]
            ]
        },
		{
            "Faction": "Mercenaries",
            "Formation": "File",
            "FormationLooseness": 0.0,
            "LoadoutFile": "WestLoadout",
            "NumberOfAI": -3,
            "Behaviour": "ALTERNATE",
            "Speed": "WALK",
            "UnderThreatSpeed": "HALT",
            "CanBeLooted": 1,
            "UnlimitedReload": 1,
            "AccuracyMin": -1.0,
            "AccuracyMax": -1.0,
            "ThreatDistanceLimit": 500.0,
            "DamageMultiplier": -1.0,
            "MinDistRadius": -2.0,
            "MaxDistRadius": -2.0,
            "DespawnRadius": -2.200000047683716,
            "MinSpreadRadius": 0.0,
            "MaxSpreadRadius": 0.0,
            "Chance": 0.20000000298023225,
            "WaypointInterpolation": "",
            "DespawnTime": -1.0,
            "RespawnTime": -2.0,
            "Name": "NWAF Patrol",
            "UseRandomWaypointAsStartPoint": 1,
            "Waypoints": [
                [
                    4729.62451171875,
                    339.1000061035156,
                    9483.4375
                ],
                [
                    4730.81005859375,
                    339.1000061035156,
                    9569.3701171875
                ],
                [
                    4693.22705078125,
                    339.1000061035156,
                    9596.4365234375
                ],
                [
                    4661.58984375,
                    339.1000061035156,
                    9638.58984375
                ],
                [
                    4582.28857421875,
                    339.1000061035156,
                    9649.3603515625
                ],
                [
                    4582.2919921875,
                    339.1000061035156,
                    9531.259765625
                ],
                [
                    4624.123046875,
                    339.1000061035156,
                    9522.9638671875
                ],
                [
                    4644.73583984375,
                    339.1000061035156,
                    9534.3408203125
                ],
                [
                    4646.05810546875,
                    339.1000061035156,
                    9577.314453125
                ],
                [
                    4611.21923828125,
                    339.1000061035156,
                    9612.08203125
                ]
            ]
        },
        {
            "Faction": "Mercenaries",
            "Formation": "RANDOM",
            "FormationLooseness": 0.0,
            "LoadoutFile": "WestLoadout",
            "NumberOfAI": -2,
            "Behaviour": "LOOP",
            "Speed": "WALK",
            "UnderThreatSpeed": "HALT",
            "CanBeLooted": 1,
            "UnlimitedReload": 1,
            "AccuracyMin": -1.0,
            "AccuracyMax": -1.0,
            "ThreatDistanceLimit": 250.0,
            "DamageMultiplier": -1.0,
            "MinDistRadius": 300.0,
            "MaxDistRadius": 750.0,
            "DespawnRadius": -2.200000047683716,
            "MinSpreadRadius": 0.0,
            "MaxSpreadRadius": 0.0,
            "Chance": 1.0,
            "WaypointInterpolation": "",
            "DespawnTime": -1.0,
            "RespawnTime": -2.0,
            "Name": "",
            "UseRandomWaypointAsStartPoint": 1,